{
  "degree": {
    "count": 8600.0,
    "mean": 28.316046511627906,
    "std": 16.684071869222205,
    "min": 0.0,
    "p25": 16.0,
    "median": 26.0,
    "p75": 37.0,
    "max": 94.0
  },
  "distance_min_m": {
    "count": 8527.0,
    "mean": 128.67990651528538,
    "std": 247.93649269377977,
    "min": 0.8771020748260492,
    "p25": 24.201462231262184,
    "median": 35.85089505606536,
    "p75": 132.2000531128368,
    "max": 3378.1812095006326
  },
  "distance_max_m": {
    "count": 8527.0,
    "mean": 3713.2573828042086,
    "std": 558.654176030611,
    "min": 1.6163235871856145,
    "p25": 3699.3148932574854,
    "median": 3884.573938685796,
    "p75": 3958.3550047751705,
    "max": 4010.3576994814325
  },
  "distance_mean_m": {
    "count": 8527.0,
    "mean": 2152.376558484692,
    "std": 412.1812402651947,
    "min": 1.6163235871856145,
    "p25": 1974.155633421122,
    "median": 2163.999427310655,
    "p75": 2392.29486690466,
    "max": 3626.0591913427197
  },
  "distance_median_m": {
    "count": 8527.0,
    "mean": 2232.228528409198,
    "std": 552.3854438291453,
    "min": 1.6163235871856145,
    "p25": 1937.4821906776147,
    "median": 2226.595883705657,
    "p75": 2571.4158559140437,
    "max": 3900.3231215795154
  },
  "distance_std_m": {
    "count": 8527.0,
    "mean": 1066.0651392754696,
    "std": 197.76610650421335,
    "min": 0.0,
    "p25": 1004.882944141887,
    "median": 1082.8181228469252,
    "p75": 1160.2313778154125,
    "max": 1995.604468131021
  },
  "distance_p25_m": {
    "count": 8527.0,
    "mean": 1378.503769942563,
    "std": 503.0083397580831,
    "min": 1.6163235871856145,
    "p25": 1050.0199600405713,
    "median": 1326.6499933917858,
    "p75": 1674.668787931365,
    "max": 3806.042661766237
  },
  "distance_p75_m": {
    "count": 8527.0,
    "mean": 3010.3885962105355,
    "std": 534.9113804212018,
    "min": 1.6163235871856145,
    "p25": 2830.1780787835514,
    "median": 3079.241132544372,
    "p75": 3317.0013264276395,
    "max": 3966.9916075541537
  },
  "weight_min": {
    "count": 8527.0,
    "mean": 0.0866391841357906,
    "std": 0.12518695003140493,
    "min": 0.010001835317713963,
    "p25": 0.01956283896915332,
    "median": 0.045331603198331426,
    "p75": 0.10222425825324015,
    "max": 0.9999998696620915
  },
  "weight_max": {
    "count": 8527.0,
    "mean": 0.9612010767203091,
    "std": 0.08855704593540382,
    "min": 0.01052505658835694,
    "p25": 0.9669238607594056,
    "median": 0.9857363372668221,
    "p75": 0.995106613971309,
    "max": 0.9999998696620915
  },
  "weight_mean": {
    "count": 8527.0,
    "mean": 0.4847248967456717,
    "std": 0.1191662446370124,
    "min": 0.01052505658835694,
    "p25": 0.40336932532130393,
    "median": 0.4800412869818599,
    "p75": 0.5580970273968262,
    "max": 0.9999998696620915
  },
  "weight_median": {
    "count": 8527.0,
    "mean": 0.4625520191581161,
    "std": 0.16294589134251697,
    "min": 0.01052505658835694,
    "p25": 0.344894266583962,
    "median": 0.4711284799770015,
    "p75": 0.5725428992129855,
    "max": 0.9999998696620915
  },
  "weight_std": {
    "count": 8527.0,
    "mean": 0.27193187898876636,
    "std": 0.054449920290574313,
    "min": 0.0,
    "p25": 0.25338492693885,
    "median": 0.2783389816510002,
    "p75": 0.3018798919338882,
    "max": 0.43638325508684833
  },
  "weight_p25": {
    "count": 8527.0,
    "mean": 0.26137156958651714,
    "std": 0.15761682501938593,
    "min": 0.01052505658835694,
    "p25": 0.1413131273570997,
    "median": 0.23053212162778053,
    "p75": 0.3519401651972214,
    "max": 0.9999998696620915
  },
  "weight_p75": {
    "count": 8527.0,
    "mean": 0.6921268981851605,
    "std": 0.13923504463072642,
    "min": 0.01052505658835694,
    "p25": 0.6055490590126554,
    "median": 0.7092469507801271,
    "p75": 0.7918917085025194,
    "max": 0.9999998696620915
  },
  "meta": {
    "node_count": 8600,
    "edge_threshold": 0.0,
    "source_meta": "data\\LargeST\\ca_meta.csv",
    "source_adj": "data\\LargeST\\ca_rn_adj.npy"
  }
}